{
  "n": 253,
  "ret_medio": 0.00011169625068339972,
  "vol_diaria": 0.002028032282984872,
  "ret_acumulado": 0.028015212444208792,
  "div_yield_anual": 0.1,
  "k_ajuste": 0.02,
  "depth": 250.0
}